"cluster","누적관객수","스크린점유율","배급사점수","장르_관객점수부여","감독_배우시너지","감독점수","배우점수","배우점수2","배우점수3","배우점수4","배우점수5","조연점수","평균스크린점유율","평스_증가율"
1,4039891,23.7975951903808,2,10,3,3,4,4,2,0,0,8,20.3907815631263,40.117994100295
1,3678156,48.2624228645664,2,10,8,2,8.25,8.25,4.06201920231798,8.25,4.06201920231798,12.25,46.11886976291,9.748892171344
1,3117859,36.9047619047619,1,10,0,2.33333333333333,4,4,2,0,0,10.6,33.8141025641026,20.119225037258
1,4313101,35.2794411177645,3,10,3,3.57142857142857,6.77777777777778,6.77777777777778,4.50924975282289,6.77777777777778,4.50924975282289,10.6,31.9860279441118,22.95652173913
1,3024666,21.6432865731463,3,10,0,3.5,7.66666666666667,7.66666666666667,5.15345635304334,7.66666666666667,5.15345635304334,14.5,19.438877755511,25.581395348837
1,4111237,28.4959154252763,2,20,6,3.5,6.5,6.5,3.03189514255113,3.25,2.54950975679639,11.5,27.4387313791446,8.014571948998
1,3134421,18.1432038834951,1,10,1,3.57142857142857,6.77777777777778,6.77777777777778,4.50924975282289,6.77777777777778,4.50924975282289,7.9,17.0813106796117,13.257575757576
1,3755233,40.1770514130065,3,10,5,1.5,11.75,11.75,4.95951083802603,11.75,4.95951083802603,10.25,40.1770514130065,0
1,3587182,34.0194174757282,1,10,7,4,4,4,2,0,0,8,26.9708737864078,70.760233918129
1,3420172,32.5502213142663,3,10,4,4,11.375,11.375,5.67215642802523,11.375,5.67215642802523,7,30.3200544773578,15.878787878788
1,4018341,47.5054229934924,3,10,7,2,8,8,3.7224194364084,8,3.7224194364084,10.5555555555556,45.354302241504,9.95815899581601
1,3450305,28.277071459886,3,20,6,4.16666666666667,6.7,6.7,4.60296212488525,6.7,4.60296212488525,13.5,27.9263480929417,2.543720190779
1,3849129,44.4323933477947,3,20,6,5.25,11.375,11.375,5.67215642802523,11.375,5.67215642802523,14.5,42.5524222704266,9.244444444444
1,4058225,26.1412782316194,3,10,7,5.4,10.7692307692308,10.7692307692308,6.23129310302172,10.7692307692308,6.23129310302172,12.4,22.7534839019702,34.987593052109
1,3389125,46.4761286131861,3,10,4,2,11.2,11.2,5.00439420389698,11.2,5.00439420389698,9.3,41.8480025982462,24.869109947644
1,3189091,38.0320054477358,1,10,0,2.6,10,10,3.76060309308639,5,3.49963551158058,7.81818181818182,33.9972761321076,26.931818181818
1,4196840,14.4417475728155,3,10,2,2.75,6.2,6.2,3.7233884380358,6.2,3.7233884380358,6.2,13.6529126213592,12.264150943396
1,3897969,27.6098901098901,3,10,8,4,14.5,14.5,4.52836578186987,7,3.48200454522709,8.4,23.0540293040293,49.257425742574
1,3459864,25.4685247477174,2,10,4,5,14.5,14.5,4.52836578186987,5.8,3.60127675547142,15.75,18.620855358001,116.326530612245
1,3044859,38.2013201320132,2,10,0,5.66666666666667,6.25,6.25,3.53553390593274,6.25,3.53553390593274,4,35.3135313531353,17.811704834606
1,3436012,35.9432234432234,3,20,6,4,6.77777777777778,6.77777777777778,4.50924975282289,6.77777777777778,4.50924975282289,11.6,33.8827838827839,12.94964028777
1,3728429,29.1916167664671,3,20,7,4,4,4,3.19453295040905,4,3.19453295040905,12.1428571428571,27.6946107784431,11.428571428571
1,3566852,34.809294169224,3,10,8,3,7,7,4.30351707065885,7,4.30351707065885,11.2,31.9596668128014,19.578313253012
1,3749034,26.5469061876248,3,10,7,2.5,7.33333333333333,7.33333333333333,3.56394527485647,7.33333333333333,3.56394527485647,14.5,25,13.191489361702
1,4288530,45.4757281553398,3,10,7,3.25,12.6666666666667,12.6666666666667,7.00412657309679,12.6666666666667,7.00412657309679,8.57142857142857,42.4660194174757,15.255905511811
1,3283470,41.2147505422993,2,10,8,2.33333333333333,6.25,6.25,3.53553390593274,6.25,3.53553390593274,7.375,38.7563268257411,13.545816733068
1,3364712,42.4488470282559,1,10,5,1.5,9.66666666666667,9.66666666666667,5.39378850841865,9.66666666666667,5.39378850841865,10,38.2429360181877,24.713740458015
1,3789553,40.0749063670412,3,10,4,1.85714285714286,12.8,12.8,5.34992243981138,12.8,5.34992243981138,12.25,36.3295880149813,22.988505747126
1,3849552,46.2078035949145,2,20,8,5,8.2,8.2,4.28202725534276,8.2,4.28202725534276,14.5,43.8623410784744,11.29883843717
1,3009356,27.5582573454914,3,10,0,3.5,7.8,7.8,4.17628186602609,7.8,4.17628186602609,9.66666666666667,23.8601823708207,36.683417085427
1,4131338,36.9505494505495,3,20,9,2.16666666666667,8.25,8.25,4.06201920231798,8.25,4.06201920231798,11.5,36.9276556776557,0.124069478907998
1,4018872,20.8582834331337,1,10,7,2.25,4,4,2.27950705695478,3,2.27950705695478,13.5,19.8852295409182,10.290237467018
1,3350303,36.944583125312,3,10,6,3.57142857142857,10.8461538461538,10.8461538461538,6.25350812215661,10.8461538461538,6.25350812215661,7.9,35.2720918622067,9.955423476969
1,3872015,34.0346534653465,3,20,4,3.5,15.6363636363636,15.6363636363636,7.20138537139732,15.6363636363636,7.20138537139732,9.27272727272727,32.2813531353135,11.486486486486
1,3119682,23.4223300970874,3,10,0,3.25,9.6,9.6,4.63316874115308,9.6,4.63316874115308,13.3333333333333,21.8143203883495,15.915915915916
1,3125069,26.0385005065856,3,10,1,3,4,4,3.06426348094756,4,3.06426348094756,11.6,25,8.668076109937
1,4015361,39.0179745725559,2,10,8,7.25,11,11,4.95951083802603,11,4.95951083802603,13.3333333333333,36.3437088996054,15.885416666667
1,3152895,38.7129724208376,3,10,0,1.33333333333333,9.2,9.2,4.53561742136592,9.2,4.53561742136592,10.5555555555556,35.8869594824651,17.095777548919
1,3471150,29.1868932038835,3,10,4,2.71428571428571,12.125,12.125,5.85616588627299,12.125,5.85616588627299,4,27.0631067961165,17.031630170316
1,3330326,37.044433349975,2,10,6,4.25,4,4,2.37841423000544,2.5,2.23606797749979,8,33.5496754867698,23.255813953488
1,3018154,19.1712431352971,3,10,0,6,7.75,7.75,3.93700393700591,7.75,3.93700393700591,9.66666666666667,18.572141787319,6.666666666667
1,3331593,25.6914893617021,3,10,4,3.57142857142857,5.8,5.8,3.60127675547142,5.8,3.60127675547142,10,24.0159574468085,15
1,3019780,23.5646530204693,2,10,0,2.5,13.5,13.5,5.19615242270663,13.5,5.19615242270663,8,22.6410384423365,8.505747126437
2,4529876,21.2985436893204,3,10,4,2.83333333333333,5,5,2.65914794847249,3,2.44948974278318,9,18.871359223301,29.520295202952
2,5508017,43.452380952381,2,10,14,3.5,9,9,4.50924975282289,9,4.50924975282289,15.75,38.4615384615385,29.822161422709
2,4452850,51.5545914678236,2,20,9,9,11,11,4.95951083802603,11,4.95951083802603,17,48.5357917570499,13.264495631454
2,5442915,45.7508250825082,3,10,7,4,10.5555555555556,10.5555555555556,5.62731433871138,10.5555555555556,5.62731433871138,14.3333333333333,40.0783828382838,32.973621103117
2,4975517,44.8416751787538,3,10,4,4.66666666666667,12.8,12.8,6.23129310302172,12.8,6.23129310302172,14.3333333333333,38.3214164113041,41.006423982869
2,4775441,61.1135466900482,3,20,9,4.66666666666667,12.6666666666667,12.6666666666667,7.00412657309679,12.6666666666667,7.00412657309679,14.3333333333333,57.9570363875493,11.52
2,4573902,49.074374797012,3,10,6,2.5,9.2,9.2,5.39378850841865,9.2,5.39378850841865,12.5,43.0334524196168,32.660228270413
2,4598985,27.0543008169149,2,10,4,2.16666666666667,16.25,16.25,6.77952363939573,16.25,6.77952363939573,9,25.5886592984142,12.151394422311
2,5317959,47.3608098336949,2,10,10,4.5,11.2,11.2,5.00439420389698,11.2,5.00439420389698,12.5,44.0166305133767,16.444444444444
2,5584139,37.0421245421245,2,10,4,5,12.6666666666667,12.6666666666667,7.00412657309679,12.6666666666667,7.00412657309679,11,33.9514652014652,20.029673590504
2,5599665,37.4368932038835,2,20,9,2.8,9.83333333333333,9.83333333333333,4.90781510831123,9.83333333333333,4.90781510831123,11.6666666666667,33.747572815534,24.547803617571
2,4662829,38.2978723404255,3,10,4,5.25,8.25,8.25,4.06201920231798,8.25,4.06201920231798,13.6666666666667,31.6869300911854,52.727272727273
2,5063844,52.1620701395982,2,10,2,1.75,11.2,11.2,5.00439420389698,11.2,5.00439420389698,9.5,44.1777323799796,44.12041392286
2,6081480,22.2340425531915,3,20,4,7.83333333333333,7,7,3.74165738677394,7,3.74165738677394,18.75,20.8776595744681,13.896457765668
2,4909937,33.3493512734262,2,10,9,3.5,13.5,13.5,5.19615242270663,13.5,5.19615242270663,16.6666666666667,28.880345987506,36.614173228346
2,6290502,64.014290354011,3,30,8,1,12.6666666666667,12.6666666666667,7.00412657309679,12.6666666666667,7.00412657309679,12.5,63.9980513153621,0.0507614213200043
2,4720050,34.2623738587218,3,10,6,4.66666666666667,12.6666666666667,12.6666666666667,7.00412657309679,12.6666666666667,7.00412657309679,14.3333333333333,31.5233061028352,19.031719532554
2,4787538,47.9376420915882,3,20,10,2.16666666666667,11.2,11.2,6.25350812215661,11.2,6.25350812215661,14.3333333333333,46.5735628450796,6.034482758621
2,6247651,49.9174917491749,3,20,9,3.54545454545455,15.8181818181818,15.8181818181818,7.24313288270558,15.8181818181818,7.24313288270558,14.3333333333333,48.1229372937294,7.747105966162
2,5604106,35.6684981684982,2,10,8,5,9,9,3.94822203885748,9,3.94822203885748,17,32.0970695970696,25.040128410915
2,4682492,30.7234432234432,2,10,4,2.6,12.125,12.125,6.23129310302172,12.125,6.23129310302172,13.6666666666667,29.1437728937729,11.461794019934
2,6178452,25.0124812780829,3,20,4,3.75,5,5,2.84304480595272,4.66666666666667,2.84304480595272,9.6,22.7658512231652,21.897810218978
2,5441020,52.4344569288389,2,20,5,3.5,9,9,3.56394527485647,7.33333333333333,3.56394527485647,19.6666666666667,45.3013278855975,37.377341659233
2,4515833,36.4728495915425,3,10,5,3.66666666666667,9.75,9.75,4.41588043316392,9.75,4.41588043316392,11.3333333333333,30.6102835175396,47.378640776699
2,6044956,41.7904290429043,2,10,5,9,9.66666666666667,9.66666666666667,4.09184039357587,9.66666666666667,4.09184039357587,12.6666666666667,34.6534653465347,51.874062968516
2,5311232,31.8642350557244,3,10,3,2.83333333333333,11.75,11.75,5.15345635304334,11.75,5.15345635304334,9.5,27.6595744680851,35.85313174946
2,5294154,45.1140619679946,2,10,8,5,10.8461538461538,10.8461538461538,6.25350812215661,10.8461538461538,6.25350812215661,9,40.9601634320735,22.571692876966
2,6436508,21.6019417475728,3,30,5,7,9,9,3.19453295040905,4.66666666666667,3.19453295040905,11.6666666666667,20.5400485436893,10.903426791277
2,5416829,28.4073889166251,3,10,7,8.33333333333333,15.8181818181818,15.8181818181818,7.24313288270558,15.8181818181818,7.24313288270558,12.75,27.6335496754868,5.76208178438699
2,6065369,30.6613226452906,3,20,5,12.25,10.8461538461538,10.8461538461538,6.25350812215661,10.8461538461538,6.25350812215661,11.3333333333333,30.0851703406814,3.90492359932099
2,4786259,32.1175278622087,3,10,3,3.5,15.6363636363636,15.6363636363636,7.20138537139732,15.6363636363636,7.20138537139732,15,27.3809523809524,41.834451901566
2,5653444,39.8409255242227,2,20,3,3.5,4.66666666666667,4.66666666666667,2.84304480595272,4.66666666666667,2.84304480595272,11.25,39.8409255242227,0
2,5046096,21.6067864271457,3,10,7,4.66666666666667,12.6666666666667,12.6666666666667,7.00412657309679,12.6666666666667,7.00412657309679,17,20.5588822355289,10.74168797954
2,5181014,30.6583373378184,3,10,9,6.33333333333333,8.66666666666667,8.66666666666667,4.50924975282289,8.66666666666667,4.50924975282289,13.3333333333333,29.6732340221048,6.867671691792
2,5685521,26.1702127659574,3,10,8,12.25,11,11,6.25350812215661,11,6.25350812215661,9.5,21.6489361702128,52.795031055901
2,5074314,21.6489361702128,3,10,2,3.66666666666667,9,9,3.56762134500816,0,0,9,19.7074468085106,21.85628742515
2,4584800,45.9805825242718,2,10,9,3.66666666666667,17,17,5.47722557505166,15,5.47722557505166,17,42.9708737864078,15.063168124393
3,7232387,46.9631236442516,3,10,6,4,16,16,7.00412657309679,12.6666666666667,7.00412657309679,16,46.9631236442516,0
3,9707581,70.368932038835,3,10,10,9,10.7692307692308,10.7692307692308,6.23129310302172,10.7692307692308,6.23129310302172,16,59.8058252427184,42.902208201893
3,6879989,57.6699029126214,1,10,10,4.66666666666667,16,16,6.23129310302172,11,6.23129310302172,20.5,50.6796116504854,32
3,7817654,50.3253796095445,3,20,6,4.16666666666667,10.8461538461538,10.8461538461538,6.25350812215661,10.8461538461538,6.25350812215661,16,41.4316702819957,54.666666666667
3,8223266,20.3592814371257,2,10,7,7.25,16,16,5.19615242270663,13.5,5.19615242270663,16,18.7874251497006,18.260869565217
3,9135802,56.7765567765568,3,20,7,4.5,16,16,7.24313288270558,15.8181818181818,7.24313288270558,16,49.6108058608059,33.764832793959
3,8035181,28.5571142284569,3,10,8,7.83333333333333,16.75,16.75,7.00412657309679,16.75,7.00412657309679,16,26.9539078156313,12.648221343874
3,6592151,73.2827187274042,3,20,6,5,20.5,20.5,6.23129310302172,10.7692307692308,6.23129310302172,16,73.2827187274042,0
3,7072507,46.5759075907591,3,10,1,2.6,11.375,11.375,5.67215642802523,11.375,5.67215642802523,13.3333333333333,41.996699669967,24.476295479603
3,6654842,41.0379625180202,3,20,0,3.66666666666667,16,16,4.75682846001088,11,4.36492369730075,16,34.6468044209515,45.238095238095
3,7855474,31.4936708860759,3,20,0,8,16,16,4,0,0,16,27.6455696202532,32.340425531915
3,6975571,47.9223300970874,3,10,4,4.33333333333333,16,16,6.25350812215661,10.8461538461538,6.25350812215661,16,41.2233009708738,38.80764904387
3,7150586,58.2912621359223,3,20,8,3.5,15.6363636363636,15.6363636363636,7.20138537139732,15.6363636363636,7.20138537139732,16,57.2621359223301,3.660220994475
3,7500457,56.0776699029126,1,20,7,3.5,15.8181818181818,15.8181818181818,7.24313288270558,15.8181818181818,7.24313288270558,16.5,51.747572815534,18.263718263718
3,6880546,47.5415762834418,1,10,5,5,9.2,9.2,5.39378850841865,9.2,5.39378850841865,16.5,34.6167751265365,119.166666666667
3,7166453,40.9340659340659,3,20,8,5,22,22,7.00412657309679,22,7.00412657309679,16,37.6602564102564,19.041278295606
3,9350323,51.6483516483517,3,30,10,9.25,16,16,7.24313288270558,15.8181818181818,7.24313288270558,16,47.2527472527472,20.512820512821
3,8658800,45.0241122314774,3,10,9,5.25,16,16,4.53561742136592,11,4.53561742136592,16,35.1600175361683,77.989601386482
3,7362789,27.6595744680851,3,10,3,7.25,16,16,4.36492369730075,11,4.36492369730075,16,23.758865248227,39.285714285714
3,9426011,53.9136083143878,3,10,7,6,16,16,4.28202725534276,8.2,4.28202725534276,16,48.4410522897045,25.472411186697
3,6959083,61.4010989010989,3,20,6,9,20.5,20.5,5.38436421768146,8.66666666666667,3.87441698826162,16.5,52.1520146520147,43.116328708645
3,7050475,40.7378640776699,3,30,0,4.25,16,16,5.85616588627299,12.125,5.85616588627299,20.5,37.8640776699029,16.426193118757
3,6685845,41.1177644710579,3,20,3,3.5,15.8181818181818,15.8181818181818,7.24313288270558,15.8181818181818,7.24313288270558,16,38.0738522954092,17.378917378917
3,7470633,31.1550151975684,2,20,7,7.75,16.25,16.25,6.77952363939573,16.25,6.77952363939573,20.5,28.8500506585613,17.36641221374
3,7120780,42.9126213592233,3,10,4,4.16666666666667,20.5,20.5,7.20138537139732,15.6363636363636,7.20138537139732,13.5,37.378640776699,34.756097560976
3,8666208,39.8947829899167,2,30,10,5.4,7.8,7.8,4.17628186602609,7.8,4.17628186602609,16,37.1766768960982,15.776081424936
3,6855314,27.8987341772152,3,10,6,6.33333333333333,20.5,20.5,5.38436421768146,8.66666666666667,3.87441698826162,16,25.6708860759494,19.006479481641
3,7759761,45.1732673267327,3,10,8,5.4,10.7692307692308,10.7692307692308,6.23129310302172,10.7692307692308,6.23129310302172,16,43.3993399339934,8.523290386521
